,s3_path,label
0,s3://ladi/Images/FEMA_CAP/9073/613891/DSC_4655_59bbfc4b-27c3-407b-a88a-a211fcba8822.jpg,True
1,s3://ladi/Images/FEMA_CAP/9073/613940/DSC_0914_f1e4b4f0-fe58-4317-97c0-bc51cb61eb06.jpg,True
2,s3://ladi/Images/FEMA_CAP/9073/613829/DSC_9751_3f701743-f36f-458e-a93e-1422b34870f7.jpg,True
3,s3://ladi/Images/FEMA_CAP/9073/613538/DSC_1051_5f72ef35-01e5-4eca-8d8c-3128b2df9cdf.jpg,True
4,s3://ladi/Images/FEMA_CAP/9096/615126/SteveBla_9798238d-63c3-4e37-8c52-dd7a7ccaf744.jpg,True
5,s3://ladi/Images/FEMA_CAP/1013/20212/DSC_0505_088f7121-c999-4355-8322-79e3a8e1870a.jpg,True
6,s3://ladi/Images/FEMA_CAP/9096/615125/MarkBail_0ca78e04-c06d-4201-ac28-aef170622846.jpg,True
7,s3://ladi/Images/FEMA_CAP/9096/615123/ChrisPet_a0b04fe3-48d5-4591-8165-51a5d0623b55.jpg,True
8,s3://ladi/Images/FEMA_CAP/9073/613931/010_0387_1f9ea4d4-b156-44c3-977a-0827959b2717.jpg,True
9,s3://ladi/Images/FEMA_CAP/9074/613788/DSC_0083_72321702-3d65-4f14-bdbd-870e6cb39b1b.jpg,True
10,s3://ladi/Images/FEMA_CAP/3045/291518/DSC_0168_6d5a62da-f1e5-4b9c-8422-d6fb4997f58b.jpg,True
11,s3://ladi/Images/FEMA_CAP/9073/613894/DSC_5113_9912e2da-c1b1-4a9f-952e-14ad10156969.jpg,True
12,s3://ladi/Images/FEMA_CAP/9073/613586/DSC_0878_abf4a622-c32e-4a7e-921b-01a56d8a6313.jpg,True
13,s3://ladi/Images/FEMA_CAP/3043/291642/DSC_2162_820ecfcc-07c1-4497-8fb1-b959634ce27f.jpg,True
14,s3://ladi/Images/FEMA_CAP/9073/613551/DSC_0615_733648a6-8006-4a4a-ac2a-a0bec8af4a69.jpg,True
15,s3://ladi/Images/FEMA_CAP/9150/616087/DSC_3956_df16530d-79b6-4904-a890-864ec3d19b53.jpg,True
16,s3://ladi/Images/FEMA_CAP/9073/613538/DSC_0265_4467ec0d-e989-4b8c-bd4f-254925e4e17a.jpg,True
17,s3://ladi/Images/FEMA_CAP/9073/613940/DSC_1918_1e6d885c-7c1c-4a2e-984d-b0cbde8774da.jpg,True
18,s3://ladi/Images/FEMA_CAP/9073/613805/8fb4272a-27e8-421e-9cad-c218eb16e06d.jpg,True
19,s3://ladi/Images/FEMA_CAP/9073/613891/DSC_3986_53814f37-8a54-4659-aa73-5db169b3258d.jpg,True
20,s3://ladi/Images/FEMA_CAP/3043/291560/DSC_0029_2638d22e-0fa1-46e5-86ca-be5081700707.jpg,True
21,s3://ladi/Images/FEMA_CAP/9074/613600/DSC_1364_ea22cb70-708c-459f-807d-81aa2d042dd4.jpg,True
22,s3://ladi/Images/FEMA_CAP/1013/20184/DSC_1744_34a12bd8-2cdc-42d1-8259-a8b66e0a6aaf.jpg,True
23,s3://ladi/Images/FEMA_CAP/9073/613926/DSC_2961.JPG,True
24,s3://ladi/Images/FEMA_CAP/9073/613901/DSC_7933_6c324413-d8c1-44f5-943d-15cdaf4c0d1b.jpg,True
25,s3://ladi/Images/FEMA_CAP/9073/613543/DSC_0811_253cc64a-50d8-4831-842b-112866ce1b7d.jpg,True
26,s3://ladi/Images/FEMA_CAP/3045/291508/DSC_1937_11e85ce7-f461-474c-8de9-53c30298b8af.jpg,True
27,s3://ladi/Images/FEMA_CAP/9073/613538/DSC_1281_edd1379d-53d6-4170-b1c4-83c20a045318.jpg,True
28,s3://ladi/Images/FEMA_CAP/9073/613942/DSC_2145_fb5001f5-2c56-407c-9ade-e3024ffd2b9f.jpg,True
29,s3://ladi/Images/FEMA_CAP/9096/615123/ChrisPet_856a3eb5-f5d7-4846-92dc-1912eb7f48f9.jpg,True
30,s3://ladi/Images/FEMA_CAP/9073/613890/DSC_4712_da474d6b-84ba-48ec-abd3-5ea8c7cd15d4.jpg,True
31,s3://ladi/Images/FEMA_CAP/9073/613892/020_9686_bba51ba8-ade4-488f-bb77-bc17641de5a5.jpg,True
32,s3://ladi/Images/FEMA_CAP/1013/20195/DSC_0456_5edad839-d330-4295-85b4-4d4acfef75c1.jpg,True
33,s3://ladi/Images/FEMA_CAP/3045/291551/DSC_3661_fdf99cf1-7ff6-4d60-91f6-73d6e66b39bb.jpg,True
34,s3://ladi/Images/FEMA_CAP/9096/615125/MarkBail_08404347-5f89-4e9f-b7a6-91f123e2c6e3.jpg,True
35,s3://ladi/Images/FEMA_CAP/9073/613926/DSC_3833.JPG,True
36,s3://ladi/Images/FEMA_CAP/9073/613928/DSC_2390_ba2fd972-c27c-460e-9189-a7293542e224.jpg,True
37,s3://ladi/Images/FEMA_CAP/9096/615132/JoeBell-_98524263-6990-4f12-b94f-5e3973d74a85.jpg,True
38,s3://ladi/Images/FEMA_CAP/9075/614004/A0019058_7a121c85-9e94-4ddd-b2d5-dacba63ec09d.jpg,True
39,s3://ladi/Images/FEMA_CAP/3033/231165/010_2796_2ff1f442-2f7a-47e3-a0b1-9ff1ced05bff.jpg,True
40,s3://ladi/Images/FEMA_CAP/3043/291596/DSC_0088_54354606-14a8-4b32-be2d-038213ac68b4.jpg,True
41,s3://ladi/Images/FEMA_CAP/9073/613897/DSC_4404_9fb013ae-ab75-47ea-a93c-59f462ceee9e.jpg,True
42,s3://ladi/Images/FEMA_CAP/9074/613883/DSC_0774_9788a7cc-50c8-4382-ba0a-24eb5e8f9be8.jpg,True
43,s3://ladi/Images/FEMA_CAP/9073/613900/DSC_4978_8a7c61aa-e701-4dc7-848d-f4a94fe5b31b.jpg,True
44,s3://ladi/Images/FEMA_CAP/9073/613543/DSC_0163_75591ddd-f607-4f31-96b6-bb123de24921.jpg,True
45,s3://ladi/Images/FEMA_CAP/9096/615127/TimCooli_3d0cd16e-1966-4e3a-b223-26de75e5f2d5.jpg,True
46,s3://ladi/Images/FEMA_CAP/9074/613834/DSC_3719_3203666d-c401-487d-8591-755bf3a0e6a5.jpg,True
47,s3://ladi/Images/FEMA_CAP/3042/291501/DSC_0145_3cad623e-cff6-4b0b-9a6c-eb9bfb7468a2.jpg,True
48,s3://ladi/Images/FEMA_CAP/3043/291610/DSC_0047_c9f51743-d0ac-48d8-9697-281786df8b66.jpg,True
49,s3://ladi/Images/FEMA_CAP/9073/613941/DSC_4502_7ea8481c-dd6a-4364-8cb5-ff8bcc5382ab.jpg,True
50,s3://ladi/Images/FEMA_CAP/9073/613904/CAP_1862_a60706d3-8557-4e13-8a21-f6d2b7dc43b4.jpg,True
51,s3://ladi/Images/FEMA_CAP/9073/613547/DSC_2133_8289cc80-f2fa-49ee-bc19-d20a9fb31155.jpg,True
52,s3://ladi/Images/FEMA_CAP/9157/616220/DSC_8158_f7177ece-485c-4ee2-9e61-bb8743314e3a.jpg,True
53,s3://ladi/Images/FEMA_CAP/5/614727/DSC_7026_b7150e3d-62f3-4935-987b-54f8cbe43f0c.jpg,True
54,s3://ladi/Images/FEMA_CAP/9073/613947/DSC_3053_99d0d2b4-0ba6-4cd1-9a70-57e44f3eab4b.jpg,True
55,s3://ladi/Images/FEMA_CAP/9073/613548/DSC_1870_d9a8543d-9085-40eb-9127-1f76eed647db.jpg,True
56,s3://ladi/Images/FEMA_CAP/3043/291650/DSC_0241_e8236a55-ce6e-44cf-ab18-a1b398d7d4fc.jpg,True
57,s3://ladi/Images/FEMA_CAP/3043/291515/DSC_0106_7c6284e4-cf32-4078-b699-0628f4b91db7.jpg,True
58,s3://ladi/Images/FEMA_CAP/9073/613547/DSC_1781_cea9e165-6015-4d59-98e2-fa920db1b4d4.jpg,True
59,s3://ladi/Images/FEMA_CAP/9073/613548/DSC_1529_29369c1e-3601-4a1f-82b8-6da1c031016c.jpg,True
60,s3://ladi/Images/FEMA_CAP/9073/613890/DSC_4346_f288fd82-8508-4b81-944d-167bcc054e03.jpg,True
61,s3://ladi/Images/FEMA_CAP/9073/613934/010_9851_fd2fde4a-8312-44e2-ad17-f6bd0e84945c.jpg,True
62,s3://ladi/Images/FEMA_CAP/9073/613586/DSC_0926_2e65c31e-049e-4f3d-b60e-d3ec9dfef8e6.jpg,True
63,s3://ladi/Images/FEMA_CAP/9073/613549/DSC_1118_b923402f-47c2-417c-a171-ada0f29c8b28.jpg,True
64,s3://ladi/Images/FEMA_CAP/9073/613940/DSC_1041_8a8ca836-e643-46bb-b9f1-744ef6b2e919.jpg,True
65,s3://ladi/Images/FEMA_CAP/5/614514/181_2434_dad702ef-a4fe-4a44-9ff7-a095ad84f714.jpg,True
66,s3://ladi/Images/FEMA_CAP/9107/616211/DSC_1246_d0006149-c641-4627-91a2-7f9ff1b178d6.jpg,True
67,s3://ladi/Images/FEMA_CAP/9073/613904/CAP_2866_f876557f-de7e-48ed-a9a3-8e06cdc738b8.jpg,True
68,s3://ladi/Images/FEMA_CAP/9073/613948/DSC_2881_87160f10-bbee-4312-ab66-70eee10b2604.jpg,True
69,s3://ladi/Images/FEMA_CAP/9073/613806/7dc0d3f9-62df-49ea-9711-db329e4e7026.jpg,True
70,s3://ladi/Images/FEMA_CAP/9074/613799/DSC_2380_865c3758-cab9-4b4e-9bff-548d07c26668.jpg,True
71,s3://ladi/Images/FEMA_CAP/3043/291595/DSC_5838_ae21912e-8fe2-49be-8b34-3ba9a7739cdf.jpg,True
72,s3://ladi/Images/FEMA_CAP/9073/613941/DSC_4550_cb025314-b47f-435f-a8d0-555bb9829391.jpg,True
73,s3://ladi/Images/FEMA_CAP/9073/613946/DSC_4551_d7875992-f29d-46b5-832e-137c1b58fcb3.jpg,True
74,s3://ladi/Images/FEMA_CAP/9073/613901/DSC_6239_84700b87-336a-4acb-b9e6-61014cb1b252.jpg,True
75,s3://ladi/Images/FEMA_CAP/9073/613547/DSC_0127_d44bdd8c-d30c-495b-8e25-3757b91b1ed2.jpg,True
76,s3://ladi/Images/FEMA_CAP/9074/613848/DSC_0094_4da75526-5baf-4603-bff0-4877cf9a32ab.jpg,True
77,s3://ladi/Images/FEMA_CAP/9074/613754/DSC_0080_79767931-5a32-47cc-9b65-68b8a0cbe7c8.jpg,True
78,s3://ladi/Images/FEMA_CAP/9073/613802/387e6b26-542d-4c32-8359-f53d164bd2e0.jpg,True
79,s3://ladi/Images/FEMA_CAP/3045/291582/DSC_2276_317dbfcf-ec61-4a61-a598-0e02d5dbd890.jpg,True
80,s3://ladi/Images/FEMA_CAP/9073/613947/DSC_2413_780a664a-809e-4cb0-8866-782052871cdd.jpg,True
81,s3://ladi/Images/FEMA_CAP/9073/613586/DSC_0975_bc0cd475-3bf5-4294-8074-f40c45b97a3f.jpg,True
82,s3://ladi/Images/FEMA_CAP/9073/613884/DSC_8151_07bdb6a1-87f9-4d91-bd96-a1f3448ec7f8.jpg,True
83,s3://ladi/Images/FEMA_CAP/3042/291501/DSC_0535_86f75144-5ea1-4735-9a32-72012306e0ff.jpg,True
84,s3://ladi/Images/FEMA_CAP/9074/613769/DSC_6369_9d518e0b-08c1-4f14-bdf6-383738af282f.jpg,True
85,s3://ladi/Images/FEMA_CAP/9074/613810/DSC_1546_f9d72d6d-549a-49e3-9972-2946cb58b50d.jpg,True
86,s3://ladi/Images/FEMA_CAP/9075/614040/A0078_AP_5e58399a-b091-4e8e-a4db-04ac0d673b5a.jpg,True
87,s3://ladi/Images/FEMA_CAP/9073/613948/DSC_3425_97065ce3-7038-4a0f-97ba-fcb21b0ac857.jpg,True
88,s3://ladi/Images/FEMA_CAP/9075/614127/A0030_AP_842cdf33-f392-45d6-b5c2-b140fc54b2b2.jpg,True
89,s3://ladi/Images/FEMA_CAP/9073/613560/DSC_0285_2e696514-06d2-43f6-9473-ca7361b98e80.jpg,True
90,s3://ladi/Images/FEMA_CAP/3047/291584/DSC_0190_2572fdc4-ab25-44f0-85da-0b682cd22dd1.jpg,True
91,s3://ladi/Images/FEMA_CAP/9073/613894/DSC_5330_3b4e70e7-5f7c-4ef6-a08d-9f8330413297.jpg,True
92,s3://ladi/Images/FEMA_CAP/9073/613548/DSC_0777_0e1addfd-f059-4114-866c-1402729da135.jpg,True
93,s3://ladi/Images/FEMA_CAP/9074/613906/DSC_4600_f3041e29-4abf-4b5c-83be-57a83599211f.jpg,True
94,s3://ladi/Images/FEMA_CAP/9073/613577/DSC_0879_1c5ccf6f-cd6d-43c3-ba02-7b3e7adcc79e.jpg,True
95,s3://ladi/Images/FEMA_CAP/9075/614010/A0029AP-_912ccead-9a8b-4e50-a4bc-a39783c4bf1b.jpg,True
96,s3://ladi/Images/FEMA_CAP/9073/613828/020_3221_caf3f230-fde8-4504-9c7b-33754ea93cc5.jpg,True
97,s3://ladi/Images/FEMA_CAP/9073/613928/DSC_1461_84ea46a3-324a-487b-80c4-96105bd835f1.jpg,True
98,s3://ladi/Images/FEMA_CAP/5/180802/VIRB0298_98221971-81f0-4acd-98a2-5f7ed97c6595.jpg,True
99,s3://ladi/Images/FEMA_CAP/5/616274/DSC_8349_869ad8b1-9956-454a-a53d-f607f268422b.jpg,True
100,s3://ladi/Images/FEMA_CAP/9107/616213/DSC_0193_8f573a25-aeed-498b-a9cb-6e8855a90bdc.jpg,False
101,s3://ladi/Images/FEMA_CAP/9074/613732/DSC_0893_dda820bc-bb09-40d9-995b-58a47b671a04.jpg,False
102,s3://ladi/Images/FEMA_CAP/5/615428/VIRB0002_62c0d8c0-891a-4b2a-83ed-6b3db82f0b46.jpg,False
103,s3://ladi/Images/FEMA_CAP/9073/613531/DSC_1227_a6c98296-989f-45f0-b127-b5051a1ed6a9.jpg,False
104,s3://ladi/Images/FEMA_CAP/9074/613755/DSC_2627_b84138c5-68d9-411e-92ed-02d45841e872.jpg,False
105,s3://ladi/Images/FEMA_CAP/9075/614045/A0085_AP_7cec9e59-264f-4ac3-8672-840016633b2b.jpg,False
106,s3://ladi/Images/FEMA_CAP/9073/613550/DSC_1156_589bcb48-e32f-47cf-9c5d-66e47490ae53.jpg,False
107,s3://ladi/Images/FEMA_CAP/9073/613808/DSC_0161ab0018dd-739c-43fa-8205-770895f5473f.jpg,False
108,s3://ladi/Images/FEMA_CAP/9075/614082/A0019_AP_75d9959e-4145-4bcb-8bf3-5c66eac9ccbf.jpg,False
109,s3://ladi/Images/FEMA_CAP/3045/291506/DSC_0347_bde2a339-2f92-4b94-a891-6816a1eb7b06.jpg,False
110,s3://ladi/Images/FEMA_CAP/9073/613948/DSC_3090_3ac13849-7dca-4f8f-ad49-b8422b38cfd2.jpg,False
111,s3://ladi/Images/FEMA_CAP/9073/613927/DSC_1279_14951b4a-f9ef-4e62-8d7f-9b72c0abe5d7.jpg,False
112,s3://ladi/Images/FEMA_CAP/9161/616227/FEMA_Reg_a8a57247-5584-450b-966e-8d3fe25def9a.jpg,False
113,s3://ladi/Images/FEMA_CAP/9075/614030/A0101_AP_936fb760-8c3d-4571-a7c0-d594236a855a.jpg,False
114,s3://ladi/Images/FEMA_CAP/9073/613829/DSC_9898_50b7e0af-d441-48a8-a944-5e8b0f85e3e5.jpg,False
115,s3://ladi/Images/FEMA_CAP/9073/613823/DSC_0618_e72a4c7c-fbcf-4d3b-b1a8-bbadf7639a00.jpg,False
116,s3://ladi/Images/FEMA_CAP/9075/614134/A0026_AP_405c13bd-3e4e-4ef2-8640-ec99084cd44d.jpg,False
117,s3://ladi/Images/FEMA_CAP/9075/613998/A0013-79_2b6f69c6-1437-4c3f-b005-f68b203a2e90.jpg,False
118,s3://ladi/Images/FEMA_CAP/3045/291649/DSC_0201_f8b9184d-d9e4-4be1-8cb9-cd8fe0236d43.jpg,False
119,s3://ladi/Images/FEMA_CAP/9075/614003/A0027V01_26cb625d-a29a-4912-9625-765584d40390.jpg,False
120,s3://ladi/Images/FEMA_CAP/9073/613887/DSC_3101_c8c8c151-78f7-4067-9e15-7ba9596861f4.jpg,False
121,s3://ladi/Images/FEMA_CAP/5/615223/VIRB0155_429a5cf9-f107-4a10-a5b4-a351b7358845.jpg,False
122,s3://ladi/Images/FEMA_CAP/9073/613937/DSC_0696_4eda0c0b-be00-4ee0-b842-8da9c12f1533.jpg,False
123,s3://ladi/Images/FEMA_CAP/3047/291503/DSC_0116_97013ad4-14e6-405a-830e-ff228720cd43.jpg,False
124,s3://ladi/Images/FEMA_CAP/9073/613904/CAP_1320_1e567b2f-ec4e-4ac7-98e5-3b09518121f1.jpg,False
125,s3://ladi/Images/FEMA_CAP/9074/613752/DSC_6456_37157342-2fc9-4f89-9f53-ffc25742c5a2.jpg,False
126,s3://ladi/Images/FEMA_CAP/9075/614044/A0153_AP_10786cc1-e666-42f2-b4d7-6f69e0ade621.jpg,False
127,s3://ladi/Images/FEMA_CAP/9096/615047/DSC_0095_6b13a111-a9fd-4b38-9ba9-f75d4fbb583b.jpg,False
128,s3://ladi/Images/FEMA_CAP/9073/613926/DSC_3787.JPG,False
129,s3://ladi/Images/FEMA_CAP/9075/614063/A0086_AP_44949b3b-00b6-45b1-835a-57ade13361e5.jpg,False
130,s3://ladi/Images/FEMA_CAP/9075/614064/A0008_AP_f34f7423-d1d8-4035-9e46-9b5335554a8e.jpg,False
131,s3://ladi/Images/FEMA_CAP/9075/614147/A0032_AP_b8b491f2-631c-4057-8b55-a8ba101e81dc.jpg,False
132,s3://ladi/Images/FEMA_CAP/9073/613823/DSC_2066_2bded156-d573-499e-8cec-cf38e29f3f27.jpg,False
133,s3://ladi/Images/FEMA_CAP/9074/613783/ABW_0403_3f653f28-5185-4ef7-84d3-1f2bd10b18c6.jpg,False
134,s3://ladi/Images/FEMA_CAP/9073/613899/DSC_3664_31153b41-d633-40b7-ade0-d0a0c52429ae.jpg,False
135,s3://ladi/Images/FEMA_CAP/9074/613818/DSC_7348_4a810182-7da9-4213-96a6-f29b934957e3.jpg,False
136,s3://ladi/Images/FEMA_CAP/9073/613939/DSC_0174_f5107ba8-1dbe-4207-86f9-187fe1d884fe.jpg,False
137,s3://ladi/Images/FEMA_CAP/9096/615126/SteveBla_7110faad-5539-404a-8530-a83262233489.jpg,False
138,s3://ladi/Images/FEMA_CAP/9073/613885/DSC_7615_043036fd-8989-486b-982b-cab74de4de0e.jpg,False
139,s3://ladi/Images/FEMA_CAP/9075/614140/A0069_AP_8e35b76c-232d-4c9e-bcbc-fe4d6a41aa7d.jpg,False
140,s3://ladi/Images/FEMA_CAP/9073/613808/DSC_967845c5d780-737f-4193-91ad-43adc2ac3def.jpg,False
141,s3://ladi/Images/FEMA_CAP/9075/614011/A0008AP-_78062636-1595-4d2e-81c0-9ec593ccc96b.jpg,False
142,s3://ladi/Images/FEMA_CAP/9075/614001/A0027-96_fb142e1e-f475-4d91-b42e-921cd697066c.jpg,False
143,s3://ladi/Images/FEMA_CAP/9161/616222/FEMA_REG_8de226cc-5225-4452-a924-15fa9a47855f.jpg,False
144,s3://ladi/Images/FEMA_CAP/9073/613823/DSC_7566_9ca05252-21f7-4416-9ea4-d70c50e38ec5.jpg,False
145,s3://ladi/Images/FEMA_CAP/9073/613900/DSC_5889_032c8ebc-db42-44a8-8f71-2ad8da31d705.jpg,False
146,s3://ladi/Images/FEMA_CAP/9073/613577/DSC_0972_06787ce9-5d86-4130-b807-506805f2a17c.jpg,False
147,s3://ladi/Images/FEMA_CAP/9073/613823/DSC_7406_9f3261d9-e22c-4bc0-8ab7-d8f9314762a1.jpg,False
148,s3://ladi/Images/FEMA_CAP/9073/613550/DSC_1148_11181e26-6933-4b96-9365-01b95b1a2fe8.jpg,False
149,s3://ladi/Images/FEMA_CAP/9075/614009/A0052AP-_d5036227-e6ec-4ce5-bbb3-11552c36f7db.jpg,False
150,s3://ladi/Images/FEMA_CAP/9073/613891/DSC_5049_db0bfa09-2ae3-4e00-be39-44e69648872a.jpg,False
151,s3://ladi/Images/FEMA_CAP/9075/614040/A0078_AP_651c1781-87ca-41d6-9e01-9378ea66a898.jpg,False
152,s3://ladi/Images/FEMA_CAP/9075/614045/A0085_AP_4e7a9a56-2844-494b-ab57-203be28ce890.jpg,False
153,s3://ladi/Images/FEMA_CAP/9073/613886/DSC_1090_a79d5824-ad20-4be1-9b57-96cbcec74232.jpg,False
154,s3://ladi/Images/FEMA_CAP/9074/613755/DSC_2589_e0484611-22ba-47f1-aa31-47010c31c022.jpg,False
155,s3://ladi/Images/FEMA_CAP/9073/613898/DSC_4653_1a1d870a-2a9b-4f8c-af79-0134e88487dc.jpg,False
156,s3://ladi/Images/FEMA_CAP/9073/613897/DSC_5300_2e21b4a1-a169-40a5-9f8f-24f373ce5405.jpg,False
157,s3://ladi/Images/FEMA_CAP/9096/615126/SteveBla_5f3cf3b6-5a38-437f-8e20-87c68d42a863.jpg,False
158,s3://ladi/Images/FEMA_CAP/9075/614113/A0116_AP_e6557cdf-048a-4fba-9927-f94cc5b3fba4.jpg,False
159,s3://ladi/Images/FEMA_CAP/9073/613946/DSC_4648_45233c4d-f448-461f-9fcd-81d699af23ae.jpg,False
160,s3://ladi/Images/FEMA_CAP/3042/291499/DSC_0320_67577de9-0ff0-412a-90c7-50de1f6d3664.jpg,False
161,s3://ladi/Images/FEMA_CAP/9074/613762/DSC_0392_776b2118-5d15-424b-bb12-a6e9bfb22968.jpg,False
162,s3://ladi/Images/FEMA_CAP/9075/614044/A0153_AP_7e3a37f9-2a07-41fb-84e3-6be0351aead0.jpg,False
163,s3://ladi/Images/FEMA_CAP/9099/615193/DSC_3761_bda3e5f3-9da6-4e98-b5da-f4f0eaabf86b.jpg,False
164,s3://ladi/Images/FEMA_CAP/9073/613939/DSC_0332_6afe75f3-adfd-492e-902f-f8504df61f75.jpg,False
165,s3://ladi/Images/FEMA_CAP/9073/613550/DSC_0221_9e23cc88-7d8d-47d8-8522-b909b975ad52.jpg,False
166,s3://ladi/Images/FEMA_CAP/9073/613574/A67_0650_e710c83e-563d-4eb2-b3f1-07af0b728bab.jpg,False
167,s3://ladi/Images/FEMA_CAP/9075/614137/A0051_AP_7ff36533-ee1d-488c-aa4d-31b8e8a2e70d.jpg,False
168,s3://ladi/Images/FEMA_CAP/9073/613891/DSC_4958_bdd501d9-12aa-4034-af10-af5ca8125aff.jpg,False
169,s3://ladi/Images/FEMA_CAP/5/615428/VIRB0045_a448d16a-ff06-4720-9d41-1ab952524202.jpg,False
170,s3://ladi/Images/FEMA_CAP/9073/613940/DSC_0848_4c125978-79f0-4413-8161-40963720d501.jpg,False
171,s3://ladi/Images/FEMA_CAP/9075/614045/A0085_AP_efad9e67-9a14-459a-a85f-a3143dda385f.jpg,False
172,s3://ladi/Images/FEMA_CAP/9073/613897/DSC_5390_6487935f-c98a-49c4-8afe-ae29127b6977.jpg,False
173,s3://ladi/Images/FEMA_CAP/9075/614079/A0022_AP_e956490e-e989-4274-b02c-fdd0f5e8c075.jpg,False
174,s3://ladi/Images/FEMA_CAP/9073/613946/DSC_6580_248ee2d6-c256-40bf-9638-873da7b3ad24.jpg,False
175,s3://ladi/Images/FEMA_CAP/3043/291673/DSC_4892_c2e140fd-1557-4e54-bf99-3d5ed9e6acc0.jpg,False
176,s3://ladi/Images/FEMA_CAP/9075/614079/A0022_AP_a142b735-980d-45ef-9e87-46cb344edffb.jpg,False
177,s3://ladi/Images/FEMA_CAP/9073/613899/DSC_3902_bceb75f1-2e87-4a66-a8ad-effab683b9d4.jpg,False
178,s3://ladi/Images/FEMA_CAP/9075/614080/A001_AP__dcdc1916-386b-42a8-9f8b-db5c1aa03c7b.jpg,False
179,s3://ladi/Images/FEMA_CAP/9107/616203/DSC_7383_ad1f1e2e-fee6-469f-9780-1e74976209c5.jpg,False
180,s3://ladi/Images/FEMA_CAP/9073/613823/DSC_7547_7687d9d7-eb61-4f2b-af07-24ad2a90888b.jpg,False
181,s3://ladi/Images/FEMA_CAP/9073/613531/DSC_0476_1b4b4442-9917-497d-8053-17a0700cacba.jpg,False
182,s3://ladi/Images/FEMA_CAP/3041/241283/DSC_9434_845ac8ab-cbbf-4357-82dc-0b77cf85b26c.jpg,False
183,s3://ladi/Images/FEMA_CAP/9073/613938/DSC_0432_74dc83ab-69f8-496d-8a67-fbce01548e89.jpg,False
184,s3://ladi/Images/FEMA_CAP/9075/614042/A0080_AP_4c780c7d-0ee4-450d-9ff7-3f9b0989e45e.jpg,False
185,s3://ladi/Images/FEMA_CAP/9099/615225/DSC_0004_ea37acea-30e5-4d06-b276-7fdad6040bd6.jpg,False
186,s3://ladi/Images/FEMA_CAP/9073/613805/78f58a3d-3ea8-44a0-ac21-2c092f1d39c5.jpg,False
187,s3://ladi/Images/FEMA_CAP/9074/613741/DSC_4570_76009614-7a2a-4cc4-828f-c9f3a5075117.jpg,False
188,s3://ladi/Images/FEMA_CAP/9075/613986/A0046V-0_a9b06eca-a3d9-4fe6-9394-03301f2ee161.jpg,False
189,s3://ladi/Images/FEMA_CAP/9161/616227/FEMA_Reg_620b9ed3-068c-4b71-bf2a-7753164fd6cf.jpg,False
190,s3://ladi/Images/FEMA_CAP/9075/614044/A0153_AP_f2900b71-b063-4602-b0a0-551101dfc9af.jpg,False
191,s3://ladi/Images/FEMA_CAP/9161/616227/FEMA_Reg_6ff6a192-a191-4ad1-8c8a-fd4d71b7747b.jpg,False
192,s3://ladi/Images/FEMA_CAP/3041/241283/DSC_9419_e8b37ded-7ece-4f1d-aa91-26594c5a7fe4.jpg,False
193,s3://ladi/Images/FEMA_CAP/3045/291580/DSC_0342_67f1a78e-10fc-4850-8874-bb0d353c1eaf.jpg,False
194,s3://ladi/Images/FEMA_CAP/9096/615129/BrettGro_15005123-033a-43da-a8cc-216b16ded46f.jpg,False
195,s3://ladi/Images/FEMA_CAP/9075/614086/A0021_AP_c9a7227a-2107-4253-9665-93a80dccfb21.jpg,False
196,s3://ladi/Images/FEMA_CAP/9073/613886/DSC_1653_76c77fb7-b372-49f1-95bd-d8087152d685.jpg,False
197,s3://ladi/Images/FEMA_CAP/9075/614133/A0029_AP_c1655bcd-8a0f-40cf-a815-d45edeaf9031.jpg,False
198,s3://ladi/Images/FEMA_CAP/9075/614056/A0113_AP_61abb244-e23b-4a95-88c6-bd51ff489f70.jpg,False
199,s3://ladi/Images/FEMA_CAP/9073/613927/DSC_0499_4485ea69-264a-40bd-b994-cbd710ae1e28.jpg,False
